{"cameraMode":{"drawMode":0,"name":"Shaded","section":"Shading Mode"},"sceneLighting":true,"audioPlay":false,"sceneViewState":{"m_AlwaysRefresh":false,"showFog":true,"showSkybox":true,"showFlares":true,"showImageEffects":true,"showParticleSystems":true,"showVisualEffectGraphs":true,"m_FxEnabled":true},"in2DMode":false,"pivot":{"x":-12.843320846557618,"y":0.7189779877662659,"z":1.835341453552246},"rotation":{"x":0.11259128153324127,"y":0.8693249821662903,"z":-0.23219002783298493,"w":0.4215412735939026},"size":13.222933769226075,"orthographic":false}