{"cameraMode":{"drawMode":0,"name":"Shaded","section":"Shading Mode"},"sceneLighting":true,"audioPlay":false,"sceneViewState":{"m_AlwaysRefresh":false,"showFog":true,"showSkybox":true,"showFlares":true,"showImageEffects":true,"showParticleSystems":true,"showVisualEffectGraphs":true,"m_FxEnabled":true},"in2DMode":false,"pivot":{"x":-1.8054370880126954,"y":1.5355911254882813,"z":0.6224250793457031},"rotation":{"x":-0.10924302041530609,"y":0.853076696395874,"z":-0.1982218474149704,"w":-0.47014352679252627},"size":15.900567054748536,"orthographic":false}