{"cameraMode":{"drawMode":0,"name":"Shaded","section":"Shading Mode"},"sceneLighting":true,"audioPlay":false,"sceneViewState":{"m_AlwaysRefresh":false,"showFog":true,"showSkybox":true,"showFlares":true,"showImageEffects":true,"showParticleSystems":true,"showVisualEffectGraphs":true,"m_FxEnabled":true},"in2DMode":false,"pivot":{"x":-3.009500026702881,"y":1.1958762407302857,"z":-0.010903358459472657},"rotation":{"x":0.011258752085268498,"y":0.98470139503479,"z":-0.15941573679447175,"w":0.06953667849302292},"size":4.296725273132324,"orthographic":false}